page	claim	claim_label	tags	claim_source_domain	claim_source_url	date
http://www.emergent.info/Samsung-Apple-watch-processor	Claim: Samsung will supply application processors for Apple Watch	unverified	['Apple Watch', 'Apple Watch Components', 'BusinessKorea', 'Cho Jin-young', 'Samsung']			2015/11/26
http://www.emergent.info/man-slapping-people-for-sneezing	Claim: A man in England is wanted by police for slapping people who sneeze in public	true	['Cumbria', 'sneezing', 'United Kingdom']			2015/03/22
http://www.emergent.info/human-death-GMO	Claim: Doctors confirmed the first case of death by genetically modified food	false	['Fake News', 'Hoaxes', 'World News Daily Report']			2015/03/09
http://www.emergent.info/apple-watch-store-appointments	Claim: Apple will take appointments at Apple Stores to try on the Apple Watch	unverified	['Apple Watch', 'Daisuke Wakabayashi', 'Wall Street Journal']			2015/03/08
http://www.emergent.info/apple-watch-platinum-edition	Claim: Apple is considering the release of a platinum edition of the Apple Watch	unverified	['Apple Watch', 'Daisuke Wakabayashi', 'Wall Street Journal']			2015/03/08
http://www.emergent.info/Apple-Watch-gold-formula	Claim: The Apple Watch Edition has less gold than typical 18k gold	unverified	['Apple Watch', 'Apple Watch Edition', 'Dr Drang', 'Gold', 'Leancrew.com']			2015/03/07
http://www.emergent.info/gold-Apple-Watch-straps	Claim: Apple will offer gold Watch straps	false	['Apple Watch', 'Apple Watch Accessories', 'Daring Fireball', 'Jon Gruber']			2015/03/07
http://www.emergent.info/larger-Apple-Watch-more-expensive	Claim: Apple will charge more for the larger Apple Watch	true	['Apple Watch', 'Apple Watch Price', 'Daring Fireball', 'Jon Gruber']			2015/03/07
http://www.emergent.info/Gruber-Apple-Watch-Edition-Sport-band	Claim: The gold Apple Watch Edition with a sport band will cost $7499/7999 USD.	false	['Apple Watch', 'Apple Watch Edition', 'Apple Watch Price', 'Daring Fireball', 'Jon Gruber']			2015/03/07
http://www.emergent.info/steel-Apple-Watch-sport-band	Claim: The steel Apple Watch with a sport band will cost $749/799 USD.	false	['Apple Watch', 'Apple Watch Price', 'Daring Fireball', 'Jon Gruber']			2015/03/07
http://www.emergent.info/Gruber-Apple-Watch-Edition-top-price	Claim: The most expensive version of the Apple Watch Edition will cost $19,999	false	['Apple Watch', 'Apple Watch Edition', 'Apple Watch Price', 'Daring Fireball', 'Jon Gruber']			2015/03/07
http://www.emergent.info/Apple-Watch-notifications-wrist	Claim: The Apple Watch only receives notifications when on the wrist	unverified	['Apple Watch', 'Apple Watch Features', 'Matthew Panzarino', 'TechCrunch']			2015/03/06
http://www.emergent.info/KFC-selling-pot	Claim: KFC restaurants in Colorado will start selling marijuana	false	['Fake News', 'Hoaxes', 'kfc', 'Marijuana']			2015/03/05
http://www.emergent.info/ISIS-made-woman-eat-son	Claim: ISIS gave a Kurdish woman a meal and told her she'd eaten her own son	unverified	['Cannibalism', 'ISIS', 'The Sun']			2015/03/02
http://www.emergent.info/Tiger-Woods-drugs	Claim: Tiger Woods is serving a suspension from the PGA Tour after failing a drug test	false	['Drugs', 'Golf', 'PGA Tour', 'Tiger Woods']			2015/03/02
http://www.emergent.info/international-school-lunches	Claim: Photos comparing school lunches from around the world include a meagre offering from the U.S.	false	['Michelle Obama', 'Photos', 'School Lunches', 'United States of America']			2015/03/02
http://www.emergent.info/400-men-castrated	Claim: 400 men were castrated on the orders of an Indian spiritual guru	unverified	['Castration', 'Dera Sacha Sauda', 'Gurmeet Ram Rahim Singh', 'India']			2015/03/02
http://www.emergent.info/stolen-testicles	Claim: A Russian man met a woman for a drink in a sauna and woke up to find his testicles stolen	unverified	['Black Market', 'Life News', 'Medicine', 'Russia', 'Testicles']			2015/02/26
http://www.emergent.info/Jihadi-John-is-Mohammed-Emwazi	Claim: 'Jihadi John' is a Londoner named Mohammed Emwazi	unverified	['ISIS', 'Jihadi John', 'Mohammed Emwazi', 'Washington Post']			2015/02/26
http://www.emergent.info/disney-collector-is-former-porn-star	Claim: The woman behind the hugely popular DC Toys Collector (Disney Collector) YouTube channel is a former porn star 	unverified	['Daiane DeJesus', 'DC Toys Collector', 'Porm', 'Sandy Summers', 'YouTube']			2015/02/25
http://www.emergent.info/Italian-fisherman-massive-catfish	Claim: Italian fishermen caught a 280-pound catfish	true	['Fishing', 'Italy', 'Sports']			2015/02/25
http://www.emergent.info/Iraq-shoots-down-British-planes	Claim: The Iraqi army shot down two British planes that were delivering weapons to ISIS	false	['FARS News Agency', 'Iran', 'Iraq', 'ISIS']			2015/02/25
http://www.emergent.info/Israel-opened-dams-flooding-Gaza	Claim: Israel caused flooding in Gaza by opening river dams	false	"['Flooding', 'Gaza', 'Israel', ""Ma'an News Agency""]"			2015/02/24
http://www.emergent.info/Willie-Nelson-death-hoax	Claim: Willie Nelson is dead	false	['Celebrity Deaths', 'Hoaxes', 'MediaMass', 'Willie Nelson']			2015/02/24
http://www.emergent.info/priest-says-god-is-female	Claim: A Catholic priest who was declared clinically dead says he met God and she's a woman	false	['Catholic Church', 'Fake News', 'Hoaxes', 'World News Daily Report']			2015/02/22
http://www.emergent.info/macklemore-joining-ISIS	Claim: Rap artist Macklemore joined ISIS	false	['Hoaxes', 'ISIS', 'Macklemore', 'Twitter']			2015/02/21
http://www.emergent.info/Shane-Smith-steak	Claim: Vice Media CEO Shane Smith paid $300,000 for a Las Vegas dinner	unverified	['Las Vegas', 'Shane Smith', 'VICE Media']			2015/02/20
http://www.emergent.info/bride-marries-wedding-guest	Claim: An Indian bride married a guest at her wedding after her fiance had a seizure and collapsed	unverified	['Epilepsy', 'India', 'Marriage']			2015/02/18
http://www.emergent.info/ISIS-harvesting-organs	Claim: ISIS is harvesting and selling human organs to help fund its operations	unverified	['Iraq', 'ISIS', 'Medicine', 'Organ Harvesting']			2015/02/18
http://www.emergent.info/20-year-old-McDonalds-burger	Claim: Two Australian men kept a McDonald's Quarter Pounder with Cheese for 20 years	unverified	"['Australia', 'Food', 'Hamburger', ""McDonald's"", 'Quarter Pounder']"			2015/02/17
http://www.emergent.info/tbs-speeds-up-Seinfeld	Claim: TBS speeds up Seinfeld episodes to fit in more commercials	unverified	['Seinfeld', 'TBS', 'TV']			2015/02/17
http://www.emergent.info/marines-weapons-yemen	Claim: The final Marines to leave the U.S. embassy in Yemen handed their weapons over to Houthi rebels	false	['Fox News', 'Marines', 'Megan Kelly', 'Yemen']			2015/02/14
http://www.emergent.info/Star-Wars-early-summer-release	Claim: J.J. Abrams wants a summer release date for 'Star Wars: Episode VII'	false	['iKwiz', 'J.J. Abrams', 'Star Wars', 'Video', 'YouTube']			2015/02/12
http://www.emergent.info/feminist-blogger-abortion	Claim: A woman aborted a fetus after discovering it was male	unverified	['Abortion', 'Blogging', 'Feminism', 'Hoaxes']			2015/02/11
http://www.emergent.info/ISIS-claims-death-Kayla-Mueller	Claim: American hostage Kayla Mueller was killed in a coalition bombing campaign against ISIS	unverified	['Airstrikes', 'ISIS', 'Jordan', 'Kayla Mueller', 'Syria', 'United States of America']			2015/02/06
http://www.emergent.info/brokaw-wants-williams-fired	Claim: Tom Brokaw wants Brian Williams fired	false	['Brian Williams', 'NBC', 'Tom Brokaw']			2015/02/06
http://www.emergent.info/ISIS-treasurer-stole-money	Claim: An ISIS treasurer stole money from the organization and fled	unverified	['ISIS', 'Syria', 'Turkey']			2015/02/06
http://www.emergent.info/King-of-Jordan-airstrikes-ISIS	Claim: Jordan's King Abdullah II will participate in air strikes against ISIS	false	['ISIS', 'Jordan', 'King Abdullah II']			2015/02/05
http://www.emergent.info/penis-acid-attack	Claim: A 17-year-old poured acid her boyfriend's genitals after their sex tape went viral	unverified	['Acid', 'AENS', 'Sex Tape', 'South Africa']			2015/02/03
http://www.emergent.info/student-suspended-Hobbit-magic	Claim: A fourth-grade student from Texas was suspended after threatening another student with magic 	unverified	['Magic', 'Texas', 'The Hobbit', 'The Lord of the Rings']			2015/02/02
http://www.emergent.info/taliban-five-Bergdahl-exchange-fighting-again	Claim: At least one of the 'Taliban Five' exchanged for soldier Bowe Bergdahl is trying to return to militancy	unverified	['Bowe Bergdahl', 'Prisoner Exchange', 'Taliban']			2015/01/30
http://www.emergent.info/McDondalds-pizza-still-being+served	Claim: Two locations in the U.S. are still serving the original McDonald's pizza	false	"[""McDonald's"", 'McPizza', 'Ohio', 'Pizza', 'West Virginia']"			2015/01/29
http://www.emergent.info/Texas-Sharia-law	Claim: A jurisdiction of Texas is now under Sharia law	false	['Dallas', 'Sharia Law', 'Texas']			2015/01/29
http://www.emergent.info/michelle-obama-hair-saudi-arabia	Claim: Saudi TV blurred out Michelle Obama's uncovered face during a visit to the country	false	['Michelle Obama', 'Saudi Arabia', 'Video']			2015/01/28
http://www.emergent.info/IBM-job-cuts	Claim: IBM will cut more than 110,000 jobs this week	unverified	['IBM']			2015/01/26
http://www.emergent.info/iphone-6-rumor	Claim: The iPhone 6s will have a dual-lens camera	unverified	['Apple', 'iPhone', 'iPhone 6']			2015/01/19
http://www.emergent.info/saudi-cleric-snowmen	Claim: A Saudi cleric declared that snowmen are anti-Islamic	true	['Religion', 'Saudi Arabia']			2015/01/12
http://www.emergent.info/Ebola-rats-ghost-ship	Claim: A ghost ship filled with Ebola-infected rats is heading towards Florida.	false	['Ebola', 'Fake News', 'Hoaxes', 'World News Daily Report']			2015/01/10
http://www.emergent.info/banksy-hebdo-charlie-cartoon	Claim: Artist Banksy drew a cartoon about the Charlie Hebdo murders	false	['Banksy', 'Cartoons']			2015/01/08
http://www.emergent.info/woman-cat-coat-hoax	Claim: An 85-year-old woman was arrested for making fur coats out of her neighbors' cats	false	['Animals', 'Fake News', 'Hoaxes', 'Texas']			2015/01/07
http://www.emergent.info/bruno-mars-michel-jackson-son-hoax	Claim: A DNA test proved that Bruno Mars is Michael Jackson's son	false	['Bruno Mars', 'Celebrity Deaths', 'Fake News', 'Hoaxes']			2015/01/05
http://www.emergent.info/Hugh-Hefner-death-hoax	Claim: Playboy founder Hugh Hefner is dead	false	['Celebrity Deaths', 'Fake News', 'Hoaxes', 'Hugh Hefner']			2014/12/29
http://www.emergent.info/sons-of-anarchy-movie	Claim: There will be a Sons of Anarchy film	false	['Sons of Anarchy', 'TV']			2014/12/24
http://www.emergent.info/mcdonalds-big-mac-hoax	Claim: McDonald's will stop serving the Big Mac	false	['Daily Buzz Live', 'Fake News', 'Hoaxes']			2014/12/22
http://www.emergent.info/hackers-thank-sony-for-pulling-film	"Claim: The group behind the Sony hack sent a message to company execs praising their decision to pull ""The Interview"""	unverified	['Sony', 'The Interview']			2014/12/19
http://www.emergent.info/high-school-trader-worth-72-million	Claim: A N.Y. high schooler earned $72 million in the stock market	false	['NYC', 'Stock Market']			2014/12/15
http://www.emergent.info/four-inch-iphone	Claim: Apple will launch a 4-inch iPhone in 2015	unverified	['Apple', 'Feng.com', 'iPhone']			2014/12/08
http://www.emergent.info/robot-security-guards-microsoft	Claim: Robot security guards are patrolling a Microsoft campus in Silicon Valley	false	['Microsoft', 'Robots']			2014/11/25
http://www.emergent.info/amazon-streaming-video	Claim: Amazon will launch an ad-supported video streaming service in early 2015	unverified	['Amazon', 'Video']			2014/11/23
http://www.emergent.info/teletubbies-baby	Claim: Jess Smith of Chatham, Kent was the smiling sun baby in the Teletubbies TV show	unverified	['Teletubbies', 'TV']			2014/12/24
http://www.emergent.info/video-game-resignation	"Claim: A developer quit his job with an X-rated message inserted in a video game called ""Electric Boogie"""	unverified	['Electric Boogie', 'Video', 'Video Games']			2014/12/16
http://www.emergent.info/axel-rose-dead	Claim: Guns N' Roses signer Axel Rose is dead	false	['Celebrity Deaths', 'Fake News', 'Hoaxes']			2014/12/03
http://www.emergent.info/Cesar-Mill%C3%A1n-death-report	Claim: Cesar Millán, the Dog Whisperer, has died	false	['Celebrity Deaths', 'Hoaxes']			2014/12/03
http://www.emergent.info/lego-letter-to-parents	Claim: Lego sent a letter to parents in the 1970s  that had a powerful message about gender equality	true	['LEGO']			2014/11/24
http://www.emergent.info/lisa-bonet-tweet-cosby	Claim: Former Cosby Show actor Lisa Bonet tweeted about the accusations against Bill Cosby	false	['Bill Cosby', 'Twitter']			2014/11/24
http://www.emergent.info/vogue-offices-rats	Claim: Vogue magazine's new offices are infested with rats	unverified	['conde nast', 'rats', 'Vogue']			2014/11/21
http://www.emergent.info/big-bank-hank-death-report	Claim: Big Bank Hank of the Sugarhill Gang is dead	true	['Big Bank Hank', 'Celebrity Deaths', 'Sugarhill Gang']			2014/11/11
http://www.emergent.info/led-zeppelin-contract	Claim:  Robert Plant ripped up an $800 million contract offer to reunite Led Zeppelin	false	['Led Zeppelin', 'Robert Plant']			2014/11/10
http://www.emergent.info/Macaulay-Culkin-death-hoax	Claim: Macaulay Culkin is dead	false	['Celebrity Deaths', 'Hoaxes', 'Macaulay Culkin']			2014/11/09
http://www.emergent.info/did-nbc-meteorologist-relieve-himself	Claim: NBC meteorologist Mike Seidel was caught relieving himself on camera	false	['Brian Williams', 'Mike Seidel', 'NBC']			2014/11/04
http://www.emergent.info/seth-rogen-woz	Claim: Seth Rogen will play Steve Wozniak in a film about Steve Jobs	true	['Apple', 'Seth Rogen', 'Steve Jobs']			2014/10/31
http://www.emergent.info/jose-canseco-shot	Claim: Jose Canseco was shot	true	['Jose Canseco']			2014/10/29
http://www.emergent.info/matt-Taibbi--first-look	Claim: Journalist Matt Taibbi has left First Look Media	true	['First Look Media', 'Matt Taibbi']			2014/10/28
http://www.emergent.info/paul-rudd-dallas-airport	Claim: Paul Rudd helped take down the Dallas airport homophobe	false	['Dallas/Fort Worth Airport', 'LGBQT', 'Paul Rudd']			2014/10/27
http://www.emergent.info/judd-nelson-not-dead	Claim: Judd Nelson is dead	false	['Celebrity Deaths', 'Hoaxes', 'Judd Nelson']			2014/10/26
http://www.emergent.info/banksy-arrested-hoax	Claim: Anonymous street artist Banksy was arrested	false	[]			2014/10/20
http://www.emergent.info/ESPN-domestic-violence-panel	Claim: ESPN planned a special domestic violence panel that didn't include any women	false	['ESPN', 'NFL']			2014/09/29
http://www.emergent.info/rivers-selfie	Claim: Joan Rivers' doctor took a selfie during her operation	true	[]			2014/09/17
http://www.emergent.info/batmobile-stolen	Claim: The Batmobile was stolen	false	[]			2014/09/12
http://www.emergent.info/nhl-vegas	Claim: The NHL will announce an expansion to Las Vegas in 2014	false	['Las Vegas', 'NHL']			2014/08/27
http://www.emergent.info/north-korea-restaurant-scotland	Claim: North Korea plans to open a restaurant in Scotland	false	['Food', 'Kim Jong Un', 'North Korea', 'Scotland']			2014/01/13
http://www.emergent.info/scorpion-delays-plane	Claim: An Alaska Airlines plane was delayed when a scorpion stung a woman onboard	true	['Alaska Airlines', 'ESPN', 'Scorpions']			2015/02/17
http://www.emergent.info/Kanye-boycott	Claim: Kanye West has been banned from future awards shows	false	['Boycott', 'Grammys', 'Kanye West', 'MTV Music Awards', 'Oscars']			2015/02/11
http://www.emergent.info/manson-fiance-wants-his-corpse	Claim: Charles Manson's fiance wanted to marry him to obtain custody of his corpse	unverified	['Charles Manson', 'Marriage']			2015/02/10
http://www.emergent.info/Korean-woman-hair-robot-vacuum	Claim: A South Korean woman's hair was accidentally eaten by a robot vacuum cleaner	true	['Hair', 'Robots', 'South Korea']			2015/02/09
http://www.emergent.info/snowy-owl-killed-mate	Claim: A snowy owl killed her mate because his penis was too small	unverified	['Animals', 'CEN', 'Poland']			2015/02/09
http://www.emergent.info/viral-photo-app-ranking-manipulation	Claim: Viral photo shows a worker at an app-ranking manipulation farm	unverified	['Applications', 'App Store', 'China', 'Photo']			2015/02/05
http://www.emergent.info/husband-hears-lost-voicemail-recording	Claim: A widower heard his dead wife's voice again after a company managed to recover a deleted voicemail recording	true	['Virgin Media', 'Voicemail']			2015/01/30
http://www.emergent.info/miracle-cat-back-from-grave	Claim: A cat that was hit by a car and believed dead dug himself out of his grave	true	['Animals', 'Cats', 'Florida', 'Zombies']			2015/01/28
http://www.emergent.info/Peruvian-catcallers-meet-their-mothers	Claim: A Video shows sexist Peruvian men being tricked into harassing their own mothers	false	['Everlast', 'Harassment', 'Natalia Málaga', 'Peru']			2015/01/27
http://www.emergent.info/Italian-nun-gave-birth	Claim: An nun in an Italian convent gave birth to a child 	unverified	['Italy', 'Nun', 'Pregnancy']			2015/01/25
http://www.emergent.info/Pizza-Delivery-Driver-Gets-%242000-tip	Claim: A Michigan pizza delivery guy received a $2,084 tip	true	['Pizza']			2015/01/21
http://www.emergent.info/Michele-Bachmann-MLK-gun-quote	"Claim: Michele Bachmann said ""If blacks had been allowed to own guns in the 1960s, Dr. [Martin Luther] King might well be alive today."""	false	['Fake News', 'Gun Control', 'Hoaxes', 'Martin Luther King Jr.', 'Michele Bachmann']			2015/01/21
http://www.emergent.info/boy-billed-for-missing-birthday	Claim: A 5-year-old boy was invoiced for missing a birthday party	true	['Birthday', 'Invoice']			2015/01/19
http://www.emergent.info/Boston-marathon-bomber-beaten	Claim: Boston marathon bombing suspect Dzhokhar Tsarnaev was severely beaten in prison	false	['Bombing', 'Boston', 'Boston Marathon', 'Dzhokhar Tsarnaev', 'Fake News', 'Hoaxes']			2015/01/19
http://www.emergent.info/40-pound-baby	Claim: A 600-pound Australian woman gave birth to 40-pound baby	false	['Australia', 'Baby', 'Fake News', 'Pregnancy', 'World News Daily Report']			2015/01/16
http://www.emergent.info/cat-saves-baby	Claim: A Russian cat rescued an abandoned baby	unverified	['CEN', 'Russia']			2015/01/16
http://www.emergent.info/underwear-thief-shaming	Claim: A man caught stealing women's underwear was forced to wear it and walk around in public	unverified	['CEN', 'Singapore', 'Underwear']			2015/01/15
http://www.emergent.info/wife-cuts-off-penis-twice	Claim: A woman cut off her husband's penis twice	unverified	['CEN', 'China', 'Penis Chopping']			2015/01/14
http://www.emergent.info/tiger-woods-island	Claim: Tiger Woods is selling his island in Lake Mälaren, Sweden	false	['Real Estate', 'Sweden', 'Tiger Woods']			2015/01/12
http://www.emergent.info/dog-abandoned-with-suitcase	Claim: An abandoned dog was found at Scottish railway station with a suitcase of his belongings 	true	['Animals', 'Scotland']			2015/01/07
http://www.emergent.info/vet-saves-constipated-goldfish	Claim: A man paid £300 for surgery for his constipated goldfish	true	['Animals', 'Operations']			2015/01/06
http://www.emergent.info/woman-woke-up-brain-surgery	Claim: A woman woke up during brain surgery and talked about cats, asked the surgeons ‘How’s it going?’	true	['CEN', 'Iga Jasica', 'Operations', 'Poland']			2015/01/04
http://www.emergent.info/FBI-pig-brothel	Claim: FBI agents arrested partygoers in a raid on a 'pig brothel' in Missouri	false	['Animals', 'Fake News', 'FBI']			2015/01/03
http://www.emergent.info/homeless-man-hundred-dollars	Claim: YouTube star Josh Paler Lin gave a homeless man $100 and filmed how he spent it without the man's knowledge	unverified	['Josh Paler Lin', 'Video']			2015/01/02
http://www.emergent.info/cheating-husband-and-twin-naked	Spurned wife leaves cheating husband and her twin naked in busy car park	unverified	['CEN', 'China']			2015/01/01
http://www.emergent.info/guy-sets-college-on-fire	Man Sets College On Fire With Marriage Proposal	unverified	['CEN', 'China']			2015/01/01
http://www.emergent.info/mob-attacks-adulterous-woman	Mob Strips Adulterous Woman	unverified	['CEN', 'China']			2015/01/01
http://www.emergent.info/woman-in-kfc-for-week	Lovesick woman stays in KFC for one week	unverified	['CEN', 'China', 'kfc']			2015/01/01
http://www.emergent.info/Indian-man-penis-chopped	Claim: A crowd chopped off a man's penis after he was caught trying to rape a woman	unverified	['CEN', 'India', 'Penis Chopping']			2015/01/01
http://www.emergent.info/aunt-chopped-penis	Claim: A young boy's aunt chopped off his penis after he interrupted her in the bathroom	unverified	['CEN', 'China', 'Penis Chopping']			2015/01/01
http://www.emergent.info/austrian-ski-resort-old-snow	Claim: Low snowfall led an Austrian ski resort to use snow gathered the previous season	unverified	['Austria', 'CEN', 'Skiing']			2015/01/01
http://www.emergent.info/chinese-man-penis-chopping	Claim a Chinese man chopped off his own penis due to his frustration with not finding love	unverified	['CEN', 'China', 'Penis Chopping']			2015/01/01
http://www.emergent.info/cheater-dms-present	Claim: A woman broke up with her cheating boyfriend by printing out and wrapping his incriminating Twitter direct messages	unverified	['Christmas', 'Twitter']			2014/12/29
http://www.emergent.info/argentina-president-adopts-boy-werewolf	Claim: The president of Argentina became the adopted godmother of a boy to help stop him from becoming a werewolf	false	['Argentina', 'Christina Fernández de Kirchner', 'Werewolf']			2014/12/29
http://www.emergent.info/sceptic-tanker-overflows	Claim: A sceptic tank exploded on a busy street	unverified	['CEN', 'China']			2014/12/29
http://www.emergent.info/Planetary-alignment-weightlessness-hoax	Claim: A unique planetary alignment on Jan. 4, 2015 will cause partial weightlessness on earth	false	['Daily Buzz Live', 'Fake News', 'Hoaxes', 'Science']			2014/12/29
http://www.emergent.info/man-paid+off-parents-mortgage-christmas	Claim: Video shows the moment when a man tells his parents that he paid of their mortgage	true	['Video']			2014/12/27
http://www.emergent.info/bosnian-girls-pregnant-school-trip	Claim: Seven underage Bosnian girls got pregnant on a school trip	unverified	['Bosnia', 'Pregnancy']			2014/12/23
http://www.emergent.info/man-hospitalized-chugging-eggnog	Claim: Man hospitalized after winning eggnog-chugging contest. 	true	['Eggnog']			2014/12/23
http://www.emergent.info/former-seal-attacked-by-gang-hoax	Claim: Robert O’Neill, the former SEAL who claims to have shot Bin Laden, was attacked in his home by members of a street gang	false	['Empire News', 'Fake News']			2014/12/20
http://www.emergent.info/texas-plumbing-truck-isis	Claim: A Texas plumbing company's truck is now being used by militant Islamist fighters in Syria	true	['ISIS']			2014/12/19
http://www.emergent.info/macdonalds-overweight-customers	Claim: McDonald's will stop serving overweight customers	false	"['Fake News', ""McDonald's""]"			2014/12/19
http://www.emergent.info/NSA-elf-on-shelf	Claim: Popular Christmas toy Elf On The Shelf is an espionage project run by the National Security Agency	false	['Elf On the Shelf', 'Fake News', 'Hoaxes']			2014/12/17
http://www.emergent.info/Apple-Watch-two-hours-charge	Claim: The Apple Watch takes about two hours to charge	true	['Apple Watch', 'Apple Watch Battery', 'Matthew Panzarino', 'TechCrunch']			2015/03/06
http://www.emergent.info/heart-rate-glance	Claim: The Apple Watch will include a feature called Heart Rate Glance	true	['9to5 Mac', 'Apple Watch', 'Apple Watch Features', 'Mark Gurman']			2015/03/06
http://www.emergent.info/default-Apple-Watch-glances	Claim: There are 10 default Glances on the Apple Watch	unverified	['9to5 Mac', 'Apple Watch', 'Apple Watch Features', 'Mark Gurman']			2015/03/06
http://www.emergent.info/Apple-Watch-5-hours-heavy-use	Claim: The Apple Watch will offer 5 hours of heavy application use	unverified	['9to5 Mac', 'Apple Watch', 'Apple Watch Battery', 'Mark Gurman']			2015/03/06
http://www.emergent.info/Apple-Watch-email	Claim: The launch version of the Apple Watch OS does not support email replies	unverified	['9to5 Mac', 'Apple Watch', 'Apple Watch Features', 'Mark Gurman']			2015/03/06
http://www.emergent.info/Apple-Watch-Edition-4500	Claim: The gold Apple Watch Edition will cost $4,500 USD	false	['Apple Watch', 'Apple Watch Edition', 'Apple Watch Price', 'Financial Times', 'Nick Foulkes']			2015/03/06
http://www.emergent.info/19-million-watches-in-2015	Claim: Apple will sell 19 million Apple Watches in 2015	unverified	['Apple Watch', 'Apple Watch Sales', 'BMO Capital Markets', 'Keith Bachman']			2015/03/06
http://www.emergent.info/Apple-Watch-diagnostics-port	Claim: The Apple Watch will ship with a diagnostics port	unverified	['Apple Watch', 'Matthew Panzarino', 'TechCrunch']			2015/03/05
http://www.emergent.info/Watch-sell-15-million-2015	Claim: Apple will sell 15 million Apple Watches in 2015	unverified	['Apple Watch', 'Apple Watch Sales', 'Neil Mawston', 'Strategy Analytics']			2015/03/05
http://www.emergent.info/ios-8dot2-launch	Claim: Apple will release iOS 8.2 on March 9	true	['BGR', 'iOS', 'Jonathan S. Geller']			2015/03/05
http://www.emergent.info/custom-engraving-Apple-Watch	Claim: Apple will offer custom engraving on the Apple Watch	unverified	['Apple Watch', 'Engraving', 'iPhoneNote']			2015/03/05
http://www.emergent.info/apple-tv-refresh	Claim: Apple will reveal a refreshed Apple TV at the March 9th Spring Forward Event	false	['Andrew Cunningham', 'Apple', 'Apple TV', 'Ars Technica']			2015/03/05
http://www.emergent.info/apple-itunes-beats-subscription	Claim: Apple will not reveal the iTunes subscription service based on Beats Music at the March 9th Spring Forward Event	true	['9to5 Mac', 'Apple', 'iTunes', 'Mark Gurman']			2015/03/05
http://www.emergent.info/apple-macbook-air-refresh	Claim: Apple will announce a refreshed MacBook Air models at the March 9th Spring Forward Event	true	['Andrew Cunningham', 'Apple', 'Ars Technica', 'MacBook Air']			2015/03/05
http://www.emergent.info/Apple-Watch-Edition-5000	Claim: The Apple Watch Edition will cost $5,000	false	['Apple Watch', 'Apple Watch Edition', 'Apple Watch Price', 'Marco Arment']			2015/03/04
http://www.emergent.info/apple-macbook-air-12	Claim: Apple will announce a 12-inch MacBook Air Retina at the March 9th Spring Forward Event	true	['Apple', 'MacBook Air', 'The Michael Report']			2015/03/04
http://www.emergent.info/apple-tv-hbo-now	Claim: HBO Now streaming subscription is coming to Apple TV	true	['Apple TV', 'HBO', 'International Business Times', 'Michael Learmonth']			2015/03/04
http://www.emergent.info/apple-watch-limited-access	Claim: Developers have limited access to Apple Watch sensors and features, to make simpler apps that don't drain battery	unverified	['Apple Watch', 'Apple Watch Battery', 'Business Insider', 'Steven Tweedie']			2015/03/04
http://www.emergent.info/apple-pad-pro	Claim: Apple delayed production of a 12-inch iPad Pro and will not announce it at the March 9th event	true	['Apple', 'Bloomberg', 'iPad', 'Tim Culpan', 'Tim Higgins']			2015/03/04
http://www.emergent.info/stainless-Apple-Watch-price	Claim: The stainless steel Apple Watch will be priced between $499 and $549 USD	true	['Apple Watch', 'Apple Watch Price', 'Gene Munster', 'Piper Jaffray']			2015/03/03
http://www.emergent.info/Apple-Watch-Edition-price	Claim: The gold Apple Watch Edition will start at $4,999 USD	false	['Apple Watch', 'Apple Watch Price', 'Gene Munster', 'Piper Jaffray']			2015/03/03
http://www.emergent.info/Apple-Watch-launch-Germany	Claim: The Apple Watch will be available in Germany at launch	true	['9to5 Mac', 'Apple Watch', 'Germany', 'Mark Gurman']			2015/03/02
http://www.emergent.info/LG-Apple-Watch-screens	Claim: LG will supply the screens for the Apple Watch that goes on sale in April	unverified	['Apple Watch', 'Apple Watch Components', 'Electronic Times']			2015/03/02
http://www.emergent.info/pop-up-apple-shop-Selfridges	Claim: Apple will open a pop-up Apple Watch store in London's Selfridges department store	unverified	['Apple Watch', 'Joe Rossignol', 'London', 'MacRumors', 'Selfridges']			2015/03/01
http://www.emergent.info/8dot2-release-march-2	Claim: Apple will release iOS 8.2 March 2	false	['BGR', 'iOS', 'Jonathan S. Geller']			2015/02/27
http://www.emergent.info/Apple-Watch-power-reserve	Claim: The Apple Watch will include a feature called Power Reserve	true	['Apple Watch', 'Apple Watch Battery', 'Brian X. Chen', 'New York Times']			2015/02/27
http://www.emergent.info/Apple-Edition-cost-10k	Claim: The larger Apple Watch Edition will cost $10,000	true	['Apple Watch', 'Apple Watch Edition', 'Apple Watch Price', 'Grail Watch', 'Stephen Foskett']			2015/02/27
http://www.emergent.info/Apple-Watch-Edition-not-online	Claim: The gold Apple Watch Edition will not be sold online or by mail	unverified	['Apple Watch', 'Apple Watch Edition', 'Grail Watch', 'Stephen Foskett']			2015/02/27
http://www.emergent.info/Apple-Watch-gold-950	Claim: The gold Apple Watch Edition will retail for $950 USD	false	"['Apple Watch', 'Apple Watch Edition', 'Apple Watch Price', ""Baron's"", 'Citigroup', 'Jim Suva']"			2015/02/27
http://www.emergent.info/Apple-Watch-purchased-Apple-only	Claim: The Apple Watch will only be sold from the Apple Store and website at launch	false	"['Apple Watch', ""Baron's"", 'Citigroup', 'Jim Suva']"			2015/02/27
http://www.emergent.info/stainless-steel-Apple-Watch-550	Claim: The stainless steel Apple Watch will cost $550 USD	true	"['Apple Watch', 'Apple Watch Price', ""Baron's"", 'Citigroup', 'Jim Suva']"			2015/02/27
http://www.emergent.info/Watch-launch-US-only	Claim: The Apple Watch will only be available in the U.S. at launch	false	"['Apple Watch', ""Baron's"", 'Citigroup', 'Jim Suva']"			2015/02/27
http://www.emergent.info/Apple-Watch-ship-date	Claim: The Apple Watch will begin shipping on April 16	false	"['Apple Watch', 'Apple Watch Ship Date', ""Baron's"", 'Citigroup', 'Jim Suva']"			2015/02/27
http://www.emergent.info/Apple-Watch-in-the-shower	Claim: The Apple Watch is sufficiently water resistant to wear in the shower	unverified	['Apple Watch', 'Florian Innocente', 'Germany', 'iGen.fr']			2015/02/25
http://www.emergent.info/hundred-thousand-watch-apps	Claim: There will be 100,000 or more Apple Watch Apps in the AppStore by April 10	unverified	['Apple Watch', 'Apple Watch Apps', 'Global Equities Research', 'Trip Chowdhry']			2015/02/23
http://www.emergent.info/Gruber-Apple-Watch-Edition-10k	Claim: The gold Apple Watch Edition will cost $9,999 USD	true	['Apple Watch', 'Apple Watch Edition', 'Apple Watch Price', 'Daring Fireball', 'Jon Gruber']			2015/02/20
http://www.emergent.info/Watch-pop-up-store-paris	 Claim: Apple will open a pop-up Apple Watch store in Paris' Galeries Lafayette	unverified	['9to5 Mac', 'Apple Watch', 'Mark Gurman']			2015/02/19
http://www.emergent.info/gold-Apple-Watch-under-4500	Claim: The gold Apple Watch edition will cost under $4,500 USD	false	['9to5 Mac', 'Apple Watch', 'Apple Watch Edition', 'Apple Watch Price', 'Reader Poll']			2015/02/19
http://www.emergent.info/apple-watch-edition-price	Claim: The Apple Watch Edition will retail for $4,000 or more	true	['Apple Watch', 'Apple Watch Edition', 'Apple Watch Price', 'Daisuke Wakabayashi', 'Lorraine Luk', 'Wall Street Journal']			2015/02/17
http://www.emergent.info/five-million-watch-run	Claim: Apple has ordered at least 5 million watches for its first run	unverified	['Apple Watch', 'Daisuke Wakabayashi', 'Lorraine Luk', 'Manufacturing', 'Wall Street Journal']			2015/02/17
http://www.emergent.info/Apple-ship-20-million-Watches	Claim: Apple will sell 20 million Watches in 2015	unverified	['Apple Watch', 'Apple Watch Sales', 'Ben Wood', 'CSS Insight']			2015/02/17
http://www.emergent.info/smaller-Apple-Watch-edition-price	Claim: The smaller gold Apple Watch Edition will cost $7,999 USD.	false	['Apple Watch', 'Apple Watch Edition', 'Apple Watch Price', 'Grail Watch', 'Stephen Foskett']			2015/02/16
http://www.emergent.info/apple-watch-blood-pressure	Claim: Apple removed from Apple Watch a sensor that would monitor blood-pressure	unverified	['Apple Watch', 'Apple Watch Components', 'Daisuke Wakabayashi', 'Wall Street Journal']			2015/02/16
http://www.emergent.info/apple-watch-skin-conductivity	Claim: Apple removed from Apple Watch a skin-conductivity sensor that would give a more accurate heart rate	unverified	['Apple Watch', 'Apple Watch Components', 'Daisuke Wakabayashi', 'Wall Street Journal']			2015/02/16
http://www.emergent.info/Apple-Watch-straps-available-at-launch	Claim: Apple have different Watch bands for sale at launch	true	['9to5 Mac', 'Apple Watch', 'Apple Watch Accessories', 'Jordan Kahn']			2015/02/15
http://www.emergent.info/Apple-Watch-Edition-display	Claim: Apple will create special 'store-within-a-store spaces' for the Apple Watch Edition	false	['Apple Watch', 'Apple Watch Edition', 'Grail Watch', 'Stephen Foskett']			2015/02/15
http://www.emergent.info/LG-OLED-display-Apple+Watch	Claim: LG will be the sole supplier of OLED displays for the Apple Watch	unverified	['Apple Watch', 'Apple Watch Components', 'J.J. Park', 'Morgan Stanley']			2015/02/13
http://www.emergent.info/apple-watch-apple-store-launch	Claim: Apple Watch will only be sold in Apple Stores at launch	false	['Apfelpage', 'Apple Watch', 'Apple Watch Sales', 'Philipp Tusch']			2015/02/13
http://www.emergent.info/apple-watch-digital-crown	Claim: The Digital Crown on the Apple Watch will come in different colors.	unverified	['Apple Watch', 'Apple Watch Components', 'Dan Moren', 'Six Colors']			2015/02/12
http://www.emergent.info/apple-watch-customize-crown	Claim: When you buy your Apple Watch you will choose your Crown color	unverified	['Apple Watch', 'Apple Watch Components', 'Dan Moren', 'Six Colors']			2015/02/12
http://www.emergent.info/oil-pipeline-saudi	Claim: An oil pipeline exploded in Saudi Arabia	false	['Pipelines', 'Saudi Arabia']			2014/11/05
http://www.emergent.info/iphone6-plus-reinforced	Claim: Apple added additional reinforcement to its iPhone 6 Plus to ensure it doesn't bend	unverified	['Apple', 'iPhone']			2014/10/31
http://www.emergent.info/lenovo-blackberry-bid	Claim: Lenovo will make a bid to buy Blackberry	unverified	[]			2014/10/20
http://www.emergent.info/amazon-store-ny	Claim: Amazon will open its first physical store in NY this year	false	['Amazon']			2014/10/09
http://www.emergent.info/comcast-fired	Claim: Comcast got a man fired from his job after he complained about the company's service	unverified	[]			2014/10/08
http://www.emergent.info/iphone-hairgate	Claim: The iPhone 6 pulls out facial hair when being used	unverified	[]			2014/10/07
http://www.emergent.info/bezos-wash-post-kindle	Claim: The Washington Post is developing a new app that will be pre-installed on the new Kindle Fire	true	[]			2014/10/06
http://www.emergent.info/google-pacific-shores	Claim: Google will purchase roughly half of Pacific Shores office park	true	['Google', 'Real Estate']			2014/10/05
http://www.emergent.info/HP-Split	Claim Hewlett-Packard will split itself into two separate companies	true	[]			2014/10/05
http://www.emergent.info/ios8-reset-bug	"Claim: 'Reset All Settings"" option in iOS 8 deletes iWork files"	unverified	[]			2014/09/30
http://www.emergent.info/beats-shutdown	Claim: Apple will shutdown Beats Music	unverified	[]			2014/09/22
http://www.emergent.info/comcast-tor	Claim: Comcast is telling customers Tor is illegal to use	false	[]			2014/09/15
http://www.emergent.info/apple-path	Claim: Apple is buying Path	unverified	[]			2014/09/10
http://www.emergent.info/ms-mojang	Claim: Microsoft is going to acquire Mojang AB	true	[]			2014/09/09
http://www.emergent.info/tesla-nevada	Claim: Tesla is building its gigfactory in Nevada	true	[]			2014/09/03
http://www.emergent.info/apple-12-inch-Macbook-air	"Claim: Apple will launch a 12"" MacBook Air in 2015"	true	['9to5 Mac', 'Apple', 'MacBook Air', 'Mark Gurman']			2014/01/07
http://www.emergent.info/nigerian-women-fought-off-boko-haram	Claim: Image shows a group of Nigerian women armed with AK-47s who saved a town and school from Boko Haram	false	['Boko Haram', 'Mali', 'Nigeria']			2015/02/01
http://www.emergent.info/Wanted-Suspect-Facebook-Cops	Claim: After Canadian police published a 'wanted' post on Facebook, the target replied and later turned himself in	true	['Canada', 'Crime', 'Facebook', 'Newfoundland', 'RCMP']			2015/01/29
http://www.emergent.info/Kei-Nishikori-highest-paid-tennis-player	Claim: Kei Nishikori is the world's highest-paid tennis  player	false	['ESPN', 'Fake News', 'Hoaxes', 'Kei Nishikori', 'Tennis']			2015/01/26
http://www.emergent.info/Helric-Fredou-charlie-hebdo-suicide	Claim: The police officer leading the Charlie Hebdo investigation committed suicide	false	['Charlie Hebdo', 'Police', 'Suicide']			2015/01/12
http://www.emergent.info/fake-BBC-website-charlie-hebdo	Claim: The BBC carried a report that questions the official version of the Charlie Hebdo murders	false	['Charlie Hebdo', 'Fake News', 'Hoaxes']			2015/01/12
http://www.emergent.info/man-fired-after-skipping-24-years-work	Claim: The Indian government fired an employee who hadn't been to work in 24 years	true	['Government Worker', 'India']			2015/01/10
http://www.emergent.info/mother-attempts-to-sell-son	Claim: A Chinese mother attempted to sell her son to pay for his twin sister's lifesaving medical treatment	unverified	['CEN', 'China']			2015/01/08
http://www.emergent.info/ISIS-ebola	Claim: Some ISIS fighters have contracted Ebola	false	['Ebola', 'ISIS']			2015/01/02
http://www.emergent.info/isis-scorpion-bombs	Claim: ISIS is dropping bombs containing live scorpions 	unverified	['Iraq', 'ISIS']			2014/12/16
http://www.emergent.info/polar-bear-asbo	Claim: A mechanical polar bear in the U.K. was threatened with an Anti-Social Behaviour Order (ASBO)	false	['ASBO']			2014/12/15
http://www.emergent.info/magic-mushrooms-buckingham-palace	Claim: Magic mushrooms were found in a Buckingham Palace garden	unverified	['Buckingham Palace']			2014/12/14
http://www.emergent.info/pope-francis-pets-in-heaven	Claim: Pope Francis told a boy whose dog had died that “Paradise is open to all of God’s creatures” 	false	['Pope Francis']			2014/12/14
http://www.emergent.info/ISIS-selling-james-foley-body	Claim: ISIS is trying to sell the remains of James Foley	unverified	['Beheading', 'ISIS', 'James Foley']			2014/12/11
http://www.emergent.info/there-can-only-be-one-kim-jong-un	Claim: North Korea issued a directive that anyone with the name Kim Jong Un must change it	unverified	['Kim Jong Un', 'North Korea']			2014/12/04
http://www.emergent.info/Abu-Bakr-al-Baghdadi-wife-son-arrested	Claim: A wife and child of ISIS leader Abu Bakr al-Baghdadi were detainted in Lebanon	unverified	['Abu Bakr al-Baghdadi', 'ISIS']			2014/12/03
http://www.emergent.info/gill-rosenberg-captured-isis	Claim: Canadian-Israeli Gill Rosenberg captured by ISIS while fighting with Kurdish forces	false	['ISIS']			2014/11/30
http://www.emergent.info/Mother-kills-25-Taliban	Claim: An Afghan woman avenged her son's death by helping kill 25 Taliban fighters	unverified	['Afghanistan', 'Taliban']			2014/11/28
http://www.emergent.info/jong-un-cobra-wine	"Claim: Kim Jong Un is drinking ""cobra wine"" to help restore his virility"	unverified	['Kim Jong Un', 'North Korea']			2014/11/25
http://www.emergent.info/magneto-boy-attracts-metal	Claim: A Russian boy attracts metal objects with his body after being hit with jolt of electricity 	unverified	['Russia']			2014/11/19
http://www.emergent.info/Jihadi-John-wounded	Claim: ISIS fighter 'Jihadi John' was injured in an airstrike	unverified	['Beheading', 'ISIS', 'Jihadi John']			2014/11/16
http://www.emergent.info/putin-penis-motorcade	Claim: A photo shows Vladimir Putin traveled in a penis-shaped motorcade	false	['Photo', 'Russia', 'Vladimir Putin']			2014/11/10
http://www.emergent.info/suspects-rounded-up	Claim: 90 people in Canada suspected of joining, or trying to join, ISIS were rounded up by authorities	unverified	['Canada', 'ISIS']			2014/10/24
http://www.emergent.info/ottawa-shooter-identified	Claim: The attacker shot and killed on Parliament Hill is named  Michael Zehaf-Bibeau	true	['Canada', 'Michael Sehaf-Bibeau', 'Ottawa Shooting', 'Shootings']			2014/10/22
http://www.emergent.info/kevin-vickers-shot-gunman	Claim: Kevin Vickers, the Sergeant-at-Arms in the House of Commons, shot a gunman on Parliament Hill	unverified	['Canada', 'Kevin Vickers', 'Ottawa Shooting', 'Parliament Hill', 'Shootings']			2014/10/22
http://www.emergent.info/soldier-shot-parliament-hill	Claim: A soldier was shot at the War Memorial in Ottawa, Canada	true	[]			2014/10/22
http://www.emergent.info/isis-chemical-weapons-kobane	Claim: ISIS used chemical weapons in Kobane	unverified	[]			2014/10/21
http://www.emergent.info/ISIS-airdrop-weapons	Claim: ISIS captured a U.S. airdrop of weapons intended for Kurdish fighters	true	[]			2014/10/21
http://www.emergent.info/nigeria-boko-haram-deal	Claim: The Nigerian government and Boko Haram have reached a ceasefire agreement	false	[]			2014/10/17
http://www.emergent.info/isis-fighter-jets	Claim: ISIS fighters are being trained to fly three captured fighter jets	unverified	[]			2014/10/17
http://www.emergent.info/ISIs-beheads-own-fighters	Claim: ISIS executed two of its own fighters in Al-Bukamal	unverified	[]			2014/10/16
http://www.emergent.info/kim-jong-un-hurt-leg	Claim: Kim Jong Un hurt his leg during military exercises	unverified	[]			2014/10/09
http://www.emergent.info/ISIS-fighters-border	Claim: ISIS fighters were caught trying to enter the U.S. via the U.S.-Mexico border	false	['ISIS']			2014/10/09
http://www.emergent.info/cub-of-baghdadi	Claim: A child soldier with ISIS was killed in battle, making him youngest Islamic State fighter to die	unverified	['ISIS']			2014/10/08
http://www.emergent.info/mass-grave-mexico	Claim: Mass grave found in Mexico holds bodies of missing students	false	[]			2014/10/05
http://www.emergent.info/jong-un-sister	Claim: Kim Jong Un's sister has been put in charge of the country	unverified	[]			2014/10/03
http://www.emergent.info/jong-un-ankles	Claim: Kim Jong Un broke both of his ankles	unverified	['King Jong Un', 'North Korea']			2014/09/30
http://www.emergent.info/ISIS-baghdad	ISIS is a mile away from Baghdad	unverified	['Iraq', 'ISIS']			2014/09/29
http://www.emergent.info/trans-teen-suicide-note	Claim: Transgender teenager Leelah Alcorn committed suicide and left a note on her Tumblr	unverified	['Leelah Alcorn', 'LGBTQ', 'Suicide']			2014/12/31
http://www.emergent.info/man-escorted-off-plane-merry-christmas	"Claim: A man was removed from an American Airlines flight after he became upset due to being wished a ""Merry Christmas"" by the crew"	true	['Air Rage', 'American Airlines']			2014/12/25
http://www.emergent.info/time-capsule-unearthed	Claim: A 113-year-old time capsule was found hidden inside a lion statue in Boston	true	['Boston']			2014/12/13
http://www.emergent.info/ferguson-protest-sign	"A Ferguson protester held up a sign that read, ""No mother should have to fear for her son's life every time he robs a store."""	false	['Ferguson', 'Protest']			2014/12/03
http://www.emergent.info/-woman-shot-rubber-bullet-ferguson	Claim: A woman lost her eye after being hit with a bean bag shot by police in Ferguson	true	['Ferguson', 'Police Shootings']			2014/11/27
http://www.emergent.info/black-friday-plot-hoax	Claim: There was a terrorist plot to target Black Friday shopppers	false	['Hoaxes', 'Terrorism']			2014/11/26
http://www.emergent.info/self-rape-law-hoax	"Claim: An Arizona boy was charged with ""self-rape"" after his mother caught him masturbating"	false	['Fake News', 'Hoaxes']			2014/11/25
http://www.emergent.info/elon-university-freshman-ban	Claim: Elon University has banned use of the term 'freshman'	false	['Elon University', 'Freshman', 'University']			2014/11/23
http://www.emergent.info/fsu-shooter-myron-may	Claim: The Floria State University shooter is named Myron May	true	['Florida State University', 'School Shootings']			2014/11/20
http://www.emergent.info/texas-turkey-farm-ebola-hoax	Claim: A Texas turkey farm was contaminated with Ebola	false	['Ebola', 'Fake News', 'Texas']			2014/11/16
http://www.emergent.info/ny-marijuana-tickets	Claim: New York Police will start issuing tickets, rather than make arrests, for small amounts of marijuana	true	['Marijuana', 'NYC', 'Police']			2014/11/10
http://www.emergent.info/ebola-purdon-hoax	Claim: The town of Purdon, Texas was quarantined after a family of five tested positive for Ebola	false	['Ebola', 'Fake News', 'Hoaxes', 'National Report', 'Texas']			2014/10/15
http://www.emergent.info/fort-carson-lockdown	Claim: Fort Carson is locked down because of a missing nuclear weapon	false	[]			2014/10/14
http://www.emergent.info/ebola-frisco	Claim: A man in Frisco, Texas being examined for Ebola came into direct contact with Ebola victim Thomas E. Duncan	false	[]			2014/10/08
http://www.emergent.info/white-house-fence-jumper-made-it-inside	Claim: White House fence-jumper made it inside the main floor	true	[]			2014/09/29
http://www.emergent.info/Foley-ransom	Claim: The US threatened to prosecute the family of slain journalist James Foley	unverified	[]			2014/09/23
http://www.emergent.info/shooting-recording	Claim: There's an audio recording of the Michael Brown shooting	true	['Michael Brown', 'Police Shootings']			2014/08/26
http://www.emergent.info/foley-executioner-gitmo	Claim: A former Guantanamo Bay prisoner executed journalist James Wright Foley.	unverified	[]			2014/08/22
